{"relation": ["parent", "parent-in-law", "grandparent", "other superior", "spouse", "brothers and sisters", "other peer", "child", "son/daughter-in-law", "grandchild", "other inferior", "teacher", "classmate", "student", "boss", "colleague", "subordinate", "partner", "couple", "friend", "enemy", "consignee", "consignor", "stranger", "unknown"], "field": {"family": ["parent", "parent-in-law", "grandparent", "other superior", "spouse", "brothers and sisters", "other peer", "child", "son/daughter-in-law", "grandchild", "other inferior"], "school": ["teacher", "classmate", "student"], "company": ["boss", "colleague", "subordinate", "partner"], "others": ["couple", "friend", "enemy", "consignee", "consignor", "stranger", "unknown"]}, "position": {"superior": ["parent", "parent-in-law", "grandparent", "other superior", "teacher", "boss"], "peer": ["spouse", "brothers and sisters", "other peer", "classmate", "colleague", "partner", "couple", "friend", "enemy", "consignee", "consignor", "stranger", "unknown"], "inferior": ["child", "son/daughter-in-law", "grandchild", "other inferior", "student", "subordinate"]}, "emotion": ["fear", "angry", "disgust", "sadness", "happiness", "surprise", "neutral"]}